node_kind	node_name	file_path	start_line	inbound_count	edge_kinds
method	ASTextLayout::offsetForTextPosition:lineIndex:	JobsByPods/ManualBySwiftPods@Pods/Texture/Source/TextExperiment/Component/ASTextLayout.mm	1370	655	calls
method	CALayer::byAddTo	JobsByPods/JobsSwiftDSL@Pods/QuartzCore/CALayer.swift	84	523	calls
method	ASTestSection::init	JobsByPods/ManualBySwiftPods@Pods/Texture/Tests/ASCollectionModernDataSourceTests.mm	360	487	calls
method	UIBarAppearance::byBackgroundColor	JobsByPods/JobsByUIKit@Pods/iOS.SDK/Others@SDK/UIBarAppearance.swift	46	291	calls
method	UISegmentedControl::byTitle	JobsByPods/JobsByUIKit@Pods/iOS.SDK/Others@SDK/UISegmentedControl.swift	22	291	calls
variable	property	JobsByPods/ManualBySwiftPods@Pods/Texture/Source/TextExperiment/Utility/NSAttributedString+ASText.h	60	245	calls
method	UIAlertAction::onTap	JobsByPods/JobsByUIKit@Pods/iOS.SDK/Others@SDK/UIAlertAction.swift	32	233	calls
method	UIBarButtonItemAppearance::byTitleColor	JobsByPods/JobsByUIKit@Pods/iOS.SDK/UIBarButtonItem/UIBarButtonItemAppearance.swift	18	209	calls
method	UIButton::sys	JobsByPods/JobsByUIKit@Pods/iOS.SDK/UIButton/UIButton+Init.swift	30	189	calls
method	AttributeContainer::byFont	JobsByPods/JobsByUIKit@Pods/iOS.SDK/Others@SDK/UIKitAttributes.swift	18	187	calls
method	UISearchBar::byText	JobsByPods/JobsByUIKit@Pods/iOS.SDK/Others@SDK/UISearchBar.swift	28	174	calls
method	ASIntegerMap::mapForUpdateWithOldCount:deleted:inserted:	JobsByPods/ManualBySwiftPods@Pods/Texture/Source/Details/ASIntegerMap.mm	53	163	calls
function	onMainAsync	JobsByPods/JobsSwiftBaseDefines@Pods/JobsBaseMain.swift	125	160	calls
method	UIListContentConfiguration::byTextColor	JobsByPods/JobsByUIKit@Pods/iOS.SDK/Others@SDK/UIListContentConfiguration.swift	180	150	calls
method	UIView::byVisible	JobsByPods/JobsNavBar@Pods/JobsNavBarByUIKit.swift	67	137	calls
method	JXSegmentedIndicatorImageView::byImage	JobsByPods/JobsBy3rdTools@Pods/JXSegmentedView/JXSegmentedIndicator/JXSegmentedIndicatorImageView.swift	19	131	calls
variable	block	JobsByPods/ManualBySwiftPods@Pods/Texture/Source/Details/Transactions/_ASAsyncTransaction.mm	351	128	calls
method	JXSegmentedView::byContentEdgeInsets	JobsByPods/JobsBy3rdTools@Pods/JXSegmentedView/JXSegmentedView.swift	79	114	calls
function	ASDisplayNodeWithBackgroundColor	JobsByPods/ManualBySwiftPods@Pods/Texture/Tests/ASLayoutSpecSnapshotTestsHelper.h	31	112	calls
method	CALayer::byCornerRadius	JobsByPods/JobsSwiftDSL@Pods/QuartzCore/CALayer.swift	187	112	calls
method	ASMutableAttributedStringBuilder::initWithString:attributes:	JobsByPods/ManualBySwiftPods@Pods/Texture/Source/Details/ASMutableAttributedStringBuilder.mm	39	102	calls
method	UILabel::byText	JobsByPods/JobsProgressBar@Pods/JobsProgressBarByUIKit.swift	105	101	calls
method	UIViewController::jobsSetupGKNav	JobsByPods/JobsByUIKit@Pods/iOS.SDK/UIViewController/UIViewController+GKNavigationBarSwift.swift	29	101	calls
method	ASNodeController::unlock	JobsByPods/ManualBySwiftPods@Pods/Texture/Source/ASNodeController+Beta.mm	117	88	calls
method	ASButtonNode::init	JobsByPods/ManualBySwiftPods@Pods/Texture/Source/ASButtonNode.mm	32	86	calls
property	ASNetworkImageNode::ASDISPLAYNODE_DEPRECATED_MSG	JobsByPods/ManualBySwiftPods@Pods/Texture/Source/ASNetworkImageNode.h	91	84	calls
method	UILabel::byNumberOfLines	JobsByPods/JobsNavBar@Pods/JobsNavBarByUIKit.swift	27	84	calls
variable	completion	JobsByPods/ManualBySwiftPods@Pods/Texture/Source/ASCollectionNode+Beta.h	73	84	calls
method	JobsTaskExecutionSequence::forEach	JobsByPods/JobsSwiftTaskCenter@Pods/JobsTaskExecutionSequence.swift	116	82	calls
method	ASNodeController::lock	JobsByPods/ManualBySwiftPods@Pods/Texture/Source/ASNodeController+Beta.mm	112	74	calls
method	UIButton::bySubTitle	JobsByPods/JobsSwiftDSL@Pods/UIKit/iOS.SDK/UIButton/UIButton+Subtitle.swift	214	71	calls
method	UIView::jobs_hasVisibleTopBar	JobsByPods/JobsByUIKit@Pods/iOS.SDK/UIView/UIView+JobsNavBar.swift	46	70	calls
function	ASDimensionMake	JobsByPods/ManualBySwiftPods@Pods/Texture/Source/Layout/ASDimension.mm	18	69	calls
function	ASCollectionViewTests::testThatDeletingAndReloadingTheSameItemThrowsAnException::XCTAssertThrows	JobsByPods/ManualBySwiftPods@Pods/Texture/Tests/ASCollectionViewTests.mm	473	65	calls
method	UIListContentConfiguration::byTextAlignment	JobsByPods/JobsByUIKit@Pods/iOS.SDK/Others@SDK/UIListContentConfiguration.swift	190	60	calls
method	UIButton::bySubTitleColor	JobsByPods/JobsSwiftDSL@Pods/UIKit/iOS.SDK/UIButton/UIButton+Subtitle.swift	233	56	calls
method	_ASDisplayView::actionForLayer:forKey:	JobsByPods/ManualBySwiftPods@Pods/Texture/Source/Details/_ASDisplayView.mm	83	53	calls
method	_ASDisplayLayer::setNeedsDisplay	JobsByPods/ManualBySwiftPods@Pods/Texture/Source/Details/_ASDisplayLayer.mm	107	50	calls
method	ASAbstractLayoutController::init	JobsByPods/ManualBySwiftPods@Pods/Texture/Source/Details/ASAbstractLayoutController.mm	136	49	calls
method	ASStackLayoutSpecSnapshotTests::testStackLayoutSpecWithStyle:sizeRange:subnodes:identifier:	JobsByPods/ManualBySwiftPods@Pods/Texture/Tests/ASStackLayoutSpecSnapshotTests.mm	83	49	calls
method	UIButton::bySubTitleFont	JobsByPods/JobsSwiftDSL@Pods/UIKit/iOS.SDK/UIButton/UIButton+Subtitle.swift	225	49	calls
method	_ASDisplayLayer::setNeedsLayout	JobsByPods/ManualBySwiftPods@Pods/Texture/Source/Details/_ASDisplayLayer.mm	91	49	calls
function	ASDimensionMakeWithPoints	JobsByPods/ManualBySwiftPods@Pods/Texture/Source/Layout/ASDimension.h	131	47	calls
method	UIView::byClipsToBounds	JobsByPods/JobsSwiftDSL@Pods/UIKit/iOS.SDK/UIView/UIView+DSL.swift	52	47	calls
method	NSMutableAttributedString::as_setAttribute:value:range:	JobsByPods/ManualBySwiftPods@Pods/Texture/Source/TextExperiment/Utility/NSAttributedString+ASText.mm	663	46	calls
method	ASTextRange::end	JobsByPods/ManualBySwiftPods@Pods/Texture/Source/TextExperiment/Component/ASTextInput.mm	74	44	calls
method	UICollectionView::byRegisterCell	JobsByPods/JobsByUIKit@Pods/iOS.SDK/UICollectionView/UICollectionView+Register.swift	33	44	calls
function	ASDisplayShouldFetchBatchForContext	JobsByPods/ManualBySwiftPods@Pods/Texture/Source/Private/ASBatchFetching.mm	37	43	calls
method	CALayer::byMasksToBounds	JobsByPods/JobsSwiftDSL@Pods/QuartzCore/CALayer.swift	132	42	calls
function	ASPerformBlockOnMainThread	JobsByPods/ManualBySwiftPods@Pods/Texture/Source/ASInternalHelpers.mm	133	41	calls
method	UIListContentConfiguration::jobs_mutating	JobsByPods/JobsByUIKit@Pods/iOS.SDK/Others@SDK/UIListContentConfiguration.swift	43	41	calls
method	JXSegmentedView::byDelegate	JobsByPods/JobsBy3rdTools@Pods/JXSegmentedView/JXSegmentedView.swift	32	40	calls
method	UIButton::byTapSound	JobsByPods/JobsByUIKit@Pods/iOS.SDK/UIButton/UIButton+声音.swift	45	40	calls
method	ViewController::init	JobsByPods/ManualBySwiftPods@Pods/Texture/examples_extra/ASTableViewStressTest/Sample/ViewController.m	35	40	calls
method	ASDisplayNode::bounds	JobsByPods/ManualBySwiftPods@Pods/Texture/Source/Private/ASDisplayNode+UIViewBridge.mm	299	39	calls
method	TransitionNode::init	JobsByPods/ManualBySwiftPods@Pods/Texture/examples/ASDKLayoutTransition/Sample/ViewController.m	28	38	calls
method	ASDisplayNode::lockToRootIfNeededForLayout	JobsByPods/ManualBySwiftPods@Pods/Texture/Source/ASDisplayNode+Yoga.mm	443	36	calls
method	FoldTableDemoVC::toggle	JobsSwiftBaseConfigDemo/主业务流程/VC/SubVC/Demo@UITableViewCell的折叠效果/Demo@UITableViewCell的折叠效果.swift	68	36	calls
method	AFDemoVC::show	JobsSwiftBaseConfigDemo/主业务流程/VC/SubVC/Demo@Alamofire/Demo@Alamofire.swift	374	35	calls
method	ASCollectionNode::pendingState	JobsByPods/ManualBySwiftPods@Pods/Texture/Source/ASCollectionNode.mm	428	35	calls
function	ASDimensionEqualToDimension	JobsByPods/ManualBySwiftPods@Pods/Texture/Source/Layout/ASDimension.h	149	35	calls
method	JXSegmentedView::byDataSource	JobsByPods/JobsBy3rdTools@Pods/JXSegmentedView/JXSegmentedView.swift	26	35	calls
method	UIScrollView::switchRefreshFooter	JobsByPods/JobsRefresher@Pods/UIScrollView+JobsRefresher.swift	159	35	calls
method	UICollectionView::byReloadData	JobsByPods/JobsSwiftDSL@Pods/UIKit/iOS.SDK/UICollectionView/UICollectionView+DSL.swift	343	34	calls
function	ASStackLayoutSpecSnapshotTests::setCGSizeToNode	JobsByPods/ManualBySwiftPods@Pods/Texture/Tests/ASStackLayoutSpecSnapshotTests.mm	45	32	calls
method	FeedHeaderNode::init	JobsByPods/ManualBySwiftPods@Pods/Texture/examples/ASDKgram/Sample/FeedHeaderNode.m	23	32	calls
method	MoyaDemoVC::show	JobsSwiftBaseConfigDemo/主业务流程/VC/SubVC/Demo@Moya/Demo@Moya.swift	377	32	calls
method	ASTextHighlight::setColor:	JobsByPods/ManualBySwiftPods@Pods/Texture/Source/TextExperiment/String/ASTextAttribute.mm	421	31	calls
method	JobsNetworkingDemoBaseVC::append	JobsSwiftBaseConfigDemo/主业务流程/VC/SubVC/Demo@JobsNetworking共用网络接口/JobsNetworkingDemoBaseVC.swift	73	31	calls
method	JobsRichRun::font	JobsByPods/JobsTextTools@Pods/JobsRichText.swift	56	31	calls
method	UIView::byContentMode	JobsByPods/JobsSwiftDSL@Pods/UIKit/iOS.SDK/UIView/UIView+DSL.swift	196	31	calls
method	NSAttributedString::as_attribute:atIndex:	JobsByPods/ManualBySwiftPods@Pods/Texture/Source/TextExperiment/Utility/NSAttributedString+ASText.mm	29	30	calls
method	PHPickerViewController::byPresent	JobsByPods/JobsSwiftDSL@Pods/PhotosUI/PHPickerViewController.swift	91	30	calls
method	UITableView::jobs_blocksProxy	JobsByPods/JobsByUIKit@Pods/iOS.SDK/UITableView/UITableView.swift	220	30	calls
method	ASThrashTestItem::itemsWithCount:	JobsByPods/ManualBySwiftPods@Pods/Texture/Tests/ASThrashUtility.m	55	29	calls
method	BRPickerPanel::present	JobsByPods/BRPickerViewSwift@Pods/UI/BRPickerPanel.swift	93	29	calls
method	JobsTimerMgrDemoUIBridge::log	JobsSwiftBaseConfigDemo/主业务流程/VC/SubVC/Demo@JobsTimerMgr/Demo@JobsTimerMgr.swift	84	29	calls
method	ASBasicImageDownloaderContext::cancel	JobsByPods/ManualBySwiftPods@Pods/Texture/Source/Details/ASBasicImageDownloader.mm	97	28	calls
method	UserDefaults::string	JobsByPods/JobsSwiftFoundation@Pods/UserDefaults.swift	53	28	calls
method	ASCollectionNode::initWithFrame:collectionViewLayout:	JobsByPods/ManualBySwiftPods@Pods/Texture/Source/ASCollectionNode.mm	267	27	calls
